ref_month,dt,release,time_et,actual,consensus_median,surprise_sd,ff_futures_delta_bp,path_2y_bp,source_actual,status
2017-01,,CPI,08:30,0.4,,,,,bls_pkg_2.0.10_revised,needs_dt
2017-01,,CPICORE,08:30,0.22,,,,,bls_pkg_2.0.10_revised,needs_dt
2017-01,,NFP,08:30,,,,,,,needs_dt;needs_actual
2017-02,,CPI,08:30,0.16,,,,,bls_pkg_2.0.10_revised,needs_dt
2017-02,,CPICORE,08:30,0.21,,,,,bls_pkg_2.0.10_revised,needs_dt
2017-02,2017-02-01,FOMC,14:00,0,,,,,hardcoded_record,dt_final
2017-02,,NFP,08:30,,,,,,,needs_dt;needs_actual
2017-03,,CPI,08:30,-0.05,,,,,bls_pkg_2.0.10_revised,needs_dt
2017-03,,CPICORE,08:30,-0.02,,,,,bls_pkg_2.0.10_revised,needs_dt
2017-03,2017-03-15,FOMC,14:00,25,,,,,hardcoded_record,dt_final
2017-03,,NFP,08:30,,,,,,,needs_dt;needs_actual
2017-04,,CPI,08:30,0.12,,,,,bls_pkg_2.0.10_revised,needs_dt
2017-04,,CPICORE,08:30,0.11,,,,,bls_pkg_2.0.10_revised,needs_dt
2017-04,,NFP,08:30,,,,,,,needs_dt;needs_actual
2017-05,,CPI,08:30,-0.08,,,,,bls_pkg_2.0.10_revised,needs_dt
2017-05,,CPICORE,08:30,0.08,,,,,bls_pkg_2.0.10_revised,needs_dt
2017-05,2017-05-03,FOMC,14:00,0,,,,,hardcoded_record,dt_final
2017-05,,NFP,08:30,,,,,,,needs_dt;needs_actual
2017-06,,CPI,08:30,0.07,,,,,bls_pkg_2.0.10_revised,needs_dt
2017-06,,CPICORE,08:30,0.13,,,,,bls_pkg_2.0.10_revised,needs_dt
2017-06,2017-06-14,FOMC,14:00,25,,,,,hardcoded_record,dt_final
2017-06,,NFP,08:30,,,,,,,needs_dt;needs_actual
2017-07,,CPI,08:30,0.03,,,,,bls_pkg_2.0.10_revised,needs_dt
2017-07,,CPICORE,08:30,0.09,,,,,bls_pkg_2.0.10_revised,needs_dt
2017-07,2017-07-26,FOMC,14:00,0,,,,,hardcoded_record,dt_final
2017-07,,NFP,08:30,,,,,,,needs_dt;needs_actual
2017-08,,CPI,08:30,0.38,,,,,bls_pkg_2.0.10_revised,needs_dt
2017-08,,CPICORE,08:30,0.22,,,,,bls_pkg_2.0.10_revised,needs_dt
2017-08,,NFP,08:30,,,,,,,needs_dt;needs_actual
2017-09,,CPI,08:30,0.51,,,,,bls_pkg_2.0.10_revised,needs_dt
2017-09,,CPICORE,08:30,0.11,,,,,bls_pkg_2.0.10_revised,needs_dt
2017-09,2017-09-20,FOMC,14:00,0,,,,,hardcoded_record,dt_final
2017-09,,NFP,08:30,,,,,,,needs_dt;needs_actual
2017-10,,CPI,08:30,0.08,,,,,bls_pkg_2.0.10_revised,needs_dt
2017-10,,CPICORE,08:30,0.28,,,,,bls_pkg_2.0.10_revised,needs_dt
2017-10,,NFP,08:30,,,,,,,needs_dt;needs_actual
2017-11,,CPI,08:30,0.27,,,,,bls_pkg_2.0.10_revised,needs_dt
2017-11,,CPICORE,08:30,0.11,,,,,bls_pkg_2.0.10_revised,needs_dt
2017-11,2017-11-01,FOMC,14:00,0,,,,,hardcoded_record,dt_final
2017-11,,NFP,08:30,,,,,,,needs_dt;needs_actual
2017-12,,CPI,08:30,0.21,,,,,bls_pkg_2.0.10_revised,needs_dt
2017-12,,CPICORE,08:30,0.21,,,,,bls_pkg_2.0.10_revised,needs_dt
2017-12,2017-12-13,FOMC,14:00,25,,,,,hardcoded_record,dt_final
2017-12,,NFP,08:30,,,,,,,needs_dt;needs_actual
2018-01,,CPI,08:30,0.43,,,,,bls_pkg_2.0.10_revised,needs_dt
2018-01,,CPICORE,08:30,0.34,,,,,bls_pkg_2.0.10_revised,needs_dt
2018-01,2018-01-31,FOMC,14:00,0,,,,,hardcoded_record,dt_final
2018-01,,NFP,08:30,,,,,,,needs_dt;needs_actual
2018-02,,CPI,08:30,0.27,,,,,bls_pkg_2.0.10_revised,needs_dt
2018-02,,CPICORE,08:30,0.2,,,,,bls_pkg_2.0.10_revised,needs_dt
2018-02,,NFP,08:30,,,,,,,needs_dt;needs_actual
2018-03,,CPI,08:30,0.02,,,,,bls_pkg_2.0.10_revised,needs_dt
2018-03,,CPICORE,08:30,0.22,,,,,bls_pkg_2.0.10_revised,needs_dt
2018-03,2018-03-21,FOMC,14:00,25,,,,,hardcoded_record,dt_final
2018-03,,NFP,08:30,,,,,,,needs_dt;needs_actual
2018-04,,CPI,08:30,0.26,,,,,bls_pkg_2.0.10_revised,needs_dt
2018-04,,CPICORE,08:30,0.14,,,,,bls_pkg_2.0.10_revised,needs_dt
2018-04,,NFP,08:30,,,,,,,needs_dt;needs_actual
2018-05,,CPI,08:30,0.23,,,,,bls_pkg_2.0.10_revised,needs_dt
2018-05,,CPICORE,08:30,0.2,,,,,bls_pkg_2.0.10_revised,needs_dt
2018-05,2018-05-02,FOMC,14:00,0,,,,,hardcoded_record,dt_final
2018-05,,NFP,08:30,,,,,,,needs_dt;needs_actual
2018-06,,CPI,08:30,0.09,,,,,bls_pkg_2.0.10_revised,needs_dt
2018-06,,CPICORE,08:30,0.1,,,,,bls_pkg_2.0.10_revised,needs_dt
2018-06,2018-06-13,FOMC,14:00,25,,,,,hardcoded_record,dt_final
2018-06,,NFP,08:30,,,,,,,needs_dt;needs_actual
2018-07,,CPI,08:30,0.08,,,,,bls_pkg_2.0.10_revised,needs_dt
2018-07,,CPICORE,08:30,0.12,,,,,bls_pkg_2.0.10_revised,needs_dt
2018-07,,NFP,08:30,,,,,,,needs_dt;needs_actual
2018-08,,CPI,08:30,0.18,,,,,bls_pkg_2.0.10_revised,needs_dt
2018-08,,CPICORE,08:30,0.07,,,,,bls_pkg_2.0.10_revised,needs_dt
2018-08,2018-08-01,FOMC,14:00,0,,,,,hardcoded_record,dt_final
2018-08,,NFP,08:30,,,,,,,needs_dt;needs_actual
2018-09,,CPI,08:30,0.21,,,,,bls_pkg_2.0.10_revised,needs_dt
2018-09,,CPICORE,08:30,0.18,,,,,bls_pkg_2.0.10_revised,needs_dt
2018-09,2018-09-26,FOMC,14:00,25,,,,,hardcoded_record,dt_final
2018-09,,NFP,08:30,,,,,,,needs_dt;needs_actual
2018-10,,CPI,08:30,0.23,,,,,bls_pkg_2.0.10_revised,needs_dt
2018-10,,CPICORE,08:30,0.21,,,,,bls_pkg_2.0.10_revised,needs_dt
2018-10,,NFP,08:30,,,,,,,needs_dt;needs_actual
2018-11,,CPI,08:30,-0.07,,,,,bls_pkg_2.0.10_revised,needs_dt
2018-11,,CPICORE,08:30,0.2,,,,,bls_pkg_2.0.10_revised,needs_dt
2018-11,2018-11-08,FOMC,14:00,0,,,,,hardcoded_record,dt_final
2018-11,,NFP,08:30,,,,,,,needs_dt;needs_actual
2018-12,,CPI,08:30,0.07,,,,,bls_pkg_2.0.10_revised,needs_dt
2018-12,,CPICORE,08:30,0.24,,,,,bls_pkg_2.0.10_revised,needs_dt
2018-12,2018-12-19,FOMC,14:00,25,,,,,hardcoded_record,dt_final
2018-12,,NFP,08:30,,,,,,,needs_dt;needs_actual
2019-01,,CPI,08:30,-0.08,,,,,bls_pkg_2.0.10_revised,needs_dt
2019-01,,CPICORE,08:30,0.27,,,,,bls_pkg_2.0.10_revised,needs_dt
2019-01,2019-01-30,FOMC,14:00,0,,,,,hardcoded_record,dt_final
2019-01,,NFP,08:30,,,,,,,needs_dt;needs_actual
2019-02,,CPI,08:30,0.3,,,,,bls_pkg_2.0.10_revised,needs_dt
2019-02,,CPICORE,08:30,0.16,,,,,bls_pkg_2.0.10_revised,needs_dt
2019-02,,NFP,08:30,,,,,,,needs_dt;needs_actual
2019-03,,CPI,08:30,0.38,,,,,bls_pkg_2.0.10_revised,needs_dt
2019-03,,CPICORE,08:30,0.15,,,,,bls_pkg_2.0.10_revised,needs_dt
2019-03,2019-03-20,FOMC,14:00,0,,,,,hardcoded_record,dt_final
2019-03,,NFP,08:30,,,,,,,needs_dt;needs_actual
2019-04,,CPI,08:30,0.38,,,,,bls_pkg_2.0.10_revised,needs_dt
2019-04,,CPICORE,08:30,0.16,,,,,bls_pkg_2.0.10_revised,needs_dt
2019-04,,NFP,08:30,,,,,,,needs_dt;needs_actual
2019-05,,CPI,08:30,0.02,,,,,bls_pkg_2.0.10_revised,needs_dt
2019-05,,CPICORE,08:30,0.08,,,,,bls_pkg_2.0.10_revised,needs_dt
2019-05,2019-05-01,FOMC,14:00,0,,,,,hardcoded_record,dt_final
2019-05,,NFP,08:30,,,,,,,needs_dt;needs_actual
2019-06,,CPI,08:30,-0.03,,,,,bls_pkg_2.0.10_revised,needs_dt
2019-06,,CPICORE,08:30,0.2,,,,,bls_pkg_2.0.10_revised,needs_dt
2019-06,2019-06-19,FOMC,14:00,0,,,,,hardcoded_record,dt_final
2019-06,,NFP,08:30,,,,,,,needs_dt;needs_actual
2019-07,,CPI,08:30,0.23,,,,,bls_pkg_2.0.10_revised,needs_dt
2019-07,,CPICORE,08:30,0.21,,,,,bls_pkg_2.0.10_revised,needs_dt
2019-07,2019-07-31,FOMC,14:00,-25,,,,,hardcoded_record,dt_final
2019-07,,NFP,08:30,,,,,,,needs_dt;needs_actual
2019-08,,CPI,08:30,0.09,,,,,bls_pkg_2.0.10_revised,needs_dt
2019-08,,CPICORE,08:30,0.23,,,,,bls_pkg_2.0.10_revised,needs_dt
2019-08,,NFP,08:30,,,,,,,needs_dt;needs_actual
2019-09,,CPI,08:30,0.15,,,,,bls_pkg_2.0.10_revised,needs_dt
2019-09,,CPICORE,08:30,0.19,,,,,bls_pkg_2.0.10_revised,needs_dt
2019-09,2019-09-18,FOMC,14:00,-25,,,,,hardcoded_record,dt_final
2019-09,,NFP,08:30,,,,,,,needs_dt;needs_actual
2019-10,,CPI,08:30,0.28,,,,,bls_pkg_2.0.10_revised,needs_dt
2019-10,,CPICORE,08:30,0.22,,,,,bls_pkg_2.0.10_revised,needs_dt
2019-10,2019-10-30,FOMC,14:00,-25,,,,,hardcoded_record,dt_final
2019-10,,NFP,08:30,,,,,,,needs_dt;needs_actual
2019-11,,CPI,08:30,0.28,,,,,bls_pkg_2.0.10_revised,needs_dt
2019-11,,CPICORE,08:30,0.22,,,,,bls_pkg_2.0.10_revised,needs_dt
2019-11,,NFP,08:30,,,,,,,needs_dt;needs_actual
2019-12,,CPI,08:30,0.29,,,,,bls_pkg_2.0.10_revised,needs_dt
2019-12,,CPICORE,08:30,0.18,,,,,bls_pkg_2.0.10_revised,needs_dt
2019-12,2019-12-11,FOMC,14:00,0,,,,,hardcoded_record,dt_final
2019-12,,NFP,08:30,,,,,,,needs_dt;needs_actual
2020-01,,CPI,08:30,0.19,,,,,bls_pkg_2.0.10_revised,needs_dt
2020-01,,CPICORE,08:30,0.26,,,,,bls_pkg_2.0.10_revised,needs_dt
2020-01,2020-01-29,FOMC,14:00,0,,,,,hardcoded_record,dt_final
2020-01,,NFP,08:30,,,,,,,needs_dt;needs_actual
2020-02,,CPI,08:30,0.05,,,,,bls_pkg_2.0.10_revised,needs_dt
2020-02,,CPICORE,08:30,0.25,,,,,bls_pkg_2.0.10_revised,needs_dt
2020-02,,NFP,08:30,,,,,,,needs_dt;needs_actual
2020-03,,CPI,08:30,-0.45,,,,,bls_pkg_2.0.10_revised,needs_dt
2020-03,,CPICORE,08:30,-0.12,,,,,bls_pkg_2.0.10_revised,needs_dt
2020-03,2020-03-03,FOMC,10:00,-50,,,,,hardcoded_record,dt_final
2020-03,2020-03-15,FOMC,17:00,-100,,,,,hardcoded_record,dt_final
2020-03,,NFP,08:30,,,,,,,needs_dt;needs_actual
2020-04,,CPI,08:30,-0.79,,,,,bls_pkg_2.0.10_revised,needs_dt
2020-04,,CPICORE,08:30,-0.49,,,,,bls_pkg_2.0.10_revised,needs_dt
2020-04,2020-04-29,FOMC,14:00,0,,,,,hardcoded_record,dt_final
2020-04,,NFP,08:30,,,,,,,needs_dt;needs_actual
2020-05,,CPI,08:30,-0.09,,,,,bls_pkg_2.0.10_revised,needs_dt
2020-05,,CPICORE,08:30,-0.13,,,,,bls_pkg_2.0.10_revised,needs_dt
2020-05,,NFP,08:30,,,,,,,needs_dt;needs_actual
2020-06,,CPI,08:30,0.48,,,,,bls_pkg_2.0.10_revised,needs_dt
2020-06,,CPICORE,08:30,0.16,,,,,bls_pkg_2.0.10_revised,needs_dt
2020-06,2020-06-10,FOMC,14:00,0,,,,,hardcoded_record,dt_final
2020-06,,NFP,08:30,,,,,,,needs_dt;needs_actual
2020-07,,CPI,08:30,0.51,,,,,bls_pkg_2.0.10_revised,needs_dt
2020-07,,CPICORE,08:30,0.58,,,,,bls_pkg_2.0.10_revised,needs_dt
2020-07,2020-07-29,FOMC,14:00,0,,,,,hardcoded_record,dt_final
2020-07,,NFP,08:30,,,,,,,needs_dt;needs_actual
2020-08,,CPI,08:30,0.37,,,,,bls_pkg_2.0.10_revised,needs_dt
2020-08,,CPICORE,08:30,0.39,,,,,bls_pkg_2.0.10_revised,needs_dt
2020-08,,NFP,08:30,,,,,,,needs_dt;needs_actual
2020-09,,CPI,08:30,0.26,,,,,bls_pkg_2.0.10_revised,needs_dt
2020-09,,CPICORE,08:30,0.19,,,,,bls_pkg_2.0.10_revised,needs_dt
2020-09,2020-09-16,FOMC,14:00,0,,,,,hardcoded_record,dt_final
2020-09,,NFP,08:30,,,,,,,needs_dt;needs_actual
2020-10,,CPI,08:30,0.12,,,,,bls_pkg_2.0.10_revised,needs_dt
2020-10,,CPICORE,08:30,0.14,,,,,bls_pkg_2.0.10_revised,needs_dt
2020-10,,NFP,08:30,,,,,,,needs_dt;needs_actual
2020-11,,CPI,08:30,0.23,,,,,bls_pkg_2.0.10_revised,needs_dt
2020-11,,CPICORE,08:30,0.25,,,,,bls_pkg_2.0.10_revised,needs_dt
2020-11,2020-11-05,FOMC,14:00,0,,,,,hardcoded_record,dt_final
2020-11,,NFP,08:30,,,,,,,needs_dt;needs_actual
2020-12,,CPI,08:30,0.43,,,,,bls_pkg_2.0.10_revised,needs_dt
2020-12,,CPICORE,08:30,0.13,,,,,bls_pkg_2.0.10_revised,needs_dt
2020-12,2020-12-16,FOMC,14:00,0,,,,,hardcoded_record,dt_final
2020-12,,NFP,08:30,,,,,,,needs_dt;needs_actual
2021-01,,CPI,08:30,0.23,,,,,bls_pkg_2.0.10_revised,needs_dt
2021-01,,CPICORE,08:30,0.03,,,,,bls_pkg_2.0.10_revised,needs_dt
2021-01,2021-01-27,FOMC,14:00,0,,,,,hardcoded_record,dt_final
2021-01,,NFP,08:30,,,,,,,needs_dt;needs_actual
2021-02,,CPI,08:30,0.36,,,,,bls_pkg_2.0.10_revised,needs_dt
2021-02,,CPICORE,08:30,0.13,,,,,bls_pkg_2.0.10_revised,needs_dt
2021-02,,NFP,08:30,,,,,,,needs_dt;needs_actual
2021-03,,CPI,08:30,0.48,,,,,bls_pkg_2.0.10_revised,needs_dt
2021-03,,CPICORE,08:30,0.25,,,,,bls_pkg_2.0.10_revised,needs_dt
2021-03,2021-03-17,FOMC,14:00,0,,,,,hardcoded_record,dt_final
2021-03,,NFP,08:30,,,,,,,needs_dt;needs_actual
2021-04,,CPI,08:30,0.67,,,,,bls_pkg_2.0.10_revised,needs_dt
2021-04,,CPICORE,08:30,0.8,,,,,bls_pkg_2.0.10_revised,needs_dt
2021-04,2021-04-28,FOMC,14:00,0,,,,,hardcoded_record,dt_final
2021-04,,NFP,08:30,,,,,,,needs_dt;needs_actual
2021-05,,CPI,08:30,0.67,,,,,bls_pkg_2.0.10_revised,needs_dt
2021-05,,CPICORE,08:30,0.67,,,,,bls_pkg_2.0.10_revised,needs_dt
2021-05,,NFP,08:30,,,,,,,needs_dt;needs_actual
2021-06,,CPI,08:30,0.86,,,,,bls_pkg_2.0.10_revised,needs_dt
2021-06,,CPICORE,08:30,0.78,,,,,bls_pkg_2.0.10_revised,needs_dt
2021-06,2021-06-16,FOMC,14:00,0,,,,,hardcoded_record,dt_final
2021-06,,NFP,08:30,,,,,,,needs_dt;needs_actual
2021-07,,CPI,08:30,0.46,,,,,bls_pkg_2.0.10_revised,needs_dt
2021-07,,CPICORE,08:30,0.37,,,,,bls_pkg_2.0.10_revised,needs_dt
2021-07,2021-07-28,FOMC,14:00,0,,,,,hardcoded_record,dt_final
2021-07,,NFP,08:30,,,,,,,needs_dt;needs_actual
2021-08,,CPI,08:30,0.29,,,,,bls_pkg_2.0.10_revised,needs_dt
2021-08,,CPICORE,08:30,0.14,,,,,bls_pkg_2.0.10_revised,needs_dt
2021-08,,NFP,08:30,,,,,,,needs_dt;needs_actual
2021-09,,CPI,08:30,0.44,,,,,bls_pkg_2.0.10_revised,needs_dt
2021-09,,CPICORE,08:30,0.25,,,,,bls_pkg_2.0.10_revised,needs_dt
2021-09,2021-09-22,FOMC,14:00,0,,,,,hardcoded_record,dt_final
2021-09,,NFP,08:30,,,,,,,needs_dt;needs_actual
2021-10,,CPI,08:30,0.94,,,,,bls_pkg_2.0.10_revised,needs_dt
2021-10,,CPICORE,08:30,0.69,,,,,bls_pkg_2.0.10_revised,needs_dt
2021-10,,NFP,08:30,,,,,,,needs_dt;needs_actual
2021-11,,CPI,08:30,0.83,,,,,bls_pkg_2.0.10_revised,needs_dt
2021-11,,CPICORE,08:30,0.63,,,,,bls_pkg_2.0.10_revised,needs_dt
2021-11,2021-11-03,FOMC,14:00,0,,,,,hardcoded_record,dt_final
2021-11,,NFP,08:30,,,,,,,needs_dt;needs_actual
2021-12,,CPI,08:30,0.71,,,,,bls_pkg_2.0.10_revised,needs_dt
2021-12,,CPICORE,08:30,0.64,,,,,bls_pkg_2.0.10_revised,needs_dt
2021-12,2021-12-15,FOMC,14:00,0,,,,,hardcoded_record,dt_final
2021-12,,NFP,08:30,,,,,,,needs_dt;needs_actual
2022-01,,CPI,08:30,0.62,,,,,bls_pkg_2.0.10_revised,needs_dt
2022-01,,CPICORE,08:30,0.55,,,,,bls_pkg_2.0.10_revised,needs_dt
2022-01,2022-01-26,FOMC,14:00,0,,,,,hardcoded_record,dt_final
2022-01,,NFP,08:30,,,,,,,needs_dt;needs_actual
2022-02,,CPI,08:30,0.7,,,,,bls_pkg_2.0.10_revised,needs_dt
2022-02,,CPICORE,08:30,0.51,,,,,bls_pkg_2.0.10_revised,needs_dt
2022-02,,NFP,08:30,,,,,,,needs_dt;needs_actual
2022-03,,CPI,08:30,1.03,,,,,bls_pkg_2.0.10_revised,needs_dt
2022-03,,CPICORE,08:30,0.27,,,,,bls_pkg_2.0.10_revised,needs_dt
2022-03,2022-03-16,FOMC,14:00,25,,,,,hardcoded_record,dt_final
2022-03,,NFP,08:30,,,,,,,needs_dt;needs_actual
2022-04,,CPI,08:30,0.39,,,,,bls_pkg_2.0.10_revised,needs_dt
2022-04,,CPICORE,08:30,0.49,,,,,bls_pkg_2.0.10_revised,needs_dt
2022-04,,NFP,08:30,,,,,,,needs_dt;needs_actual
2022-05,,CPI,08:30,0.94,,,,,bls_pkg_2.0.10_revised,needs_dt
2022-05,,CPICORE,08:30,0.54,,,,,bls_pkg_2.0.10_revised,needs_dt
2022-05,2022-05-04,FOMC,14:00,50,,,,,hardcoded_record,dt_final
2022-05,,NFP,08:30,,,,,,,needs_dt;needs_actual
2022-06,,CPI,08:30,1.3,,,,,bls_pkg_2.0.10_revised,needs_dt
2022-06,,CPICORE,08:30,0.67,,,,,bls_pkg_2.0.10_revised,needs_dt
2022-06,2022-06-15,FOMC,14:00,75,,,,,hardcoded_record,dt_final
2022-06,,NFP,08:30,,,,,,,needs_dt;needs_actual
2022-07,,CPI,08:30,-0.04,,,,,bls_pkg_2.0.10_revised,needs_dt
2022-07,,CPICORE,08:30,0.36,,,,,bls_pkg_2.0.10_revised,needs_dt
2022-07,2022-07-27,FOMC,14:00,75,,,,,hardcoded_record,dt_final
2022-07,,NFP,08:30,,,,,,,needs_dt;needs_actual
2022-08,,CPI,08:30,0.08,,,,,bls_pkg_2.0.10_revised,needs_dt
2022-08,,CPICORE,08:30,0.51,,,,,bls_pkg_2.0.10_revised,needs_dt
2022-08,,NFP,08:30,,,,,,,needs_dt;needs_actual
2022-09,,CPI,08:30,0.43,,,,,bls_pkg_2.0.10_revised,needs_dt
2022-09,,CPICORE,08:30,0.57,,,,,bls_pkg_2.0.10_revised,needs_dt
2022-09,2022-09-21,FOMC,14:00,75,,,,,hardcoded_record,dt_final
2022-09,,NFP,08:30,,,,,,,needs_dt;needs_actual
2022-10,,CPI,08:30,0.53,,,,,bls_pkg_2.0.10_revised,needs_dt
2022-10,,CPICORE,08:30,0.37,,,,,bls_pkg_2.0.10_revised,needs_dt
2022-10,,NFP,08:30,,,,,,,needs_dt;needs_actual
2022-11,,CPI,08:30,0.24,,,,,bls_pkg_2.0.10_revised,needs_dt
2022-11,,CPICORE,08:30,0.31,,,,,bls_pkg_2.0.10_revised,needs_dt
2022-11,2022-11-02,FOMC,14:00,75,,,,,hardcoded_record,dt_final
2022-11,,NFP,08:30,,,,,,,needs_dt;needs_actual
2022-12,,CPI,08:30,0.03,,,,,bls_pkg_2.0.10_revised,needs_dt
2022-12,,CPICORE,08:30,0.37,,,,,bls_pkg_2.0.10_revised,needs_dt
2022-12,2022-12-14,FOMC,14:00,50,,,,,hardcoded_record,dt_final
2022-12,,NFP,08:30,,,,,,,needs_dt;needs_actual
2023-01,,CPI,08:30,0.55,,,,,bls_pkg_2.0.10_revised,needs_dt
2023-01,,CPICORE,08:30,0.42,,,,,bls_pkg_2.0.10_revised,needs_dt
2023-01,,NFP,08:30,,,,,,,needs_dt;needs_actual
2023-02,,CPI,08:30,0.34,,,,,bls_pkg_2.0.10_revised,needs_dt
2023-02,,CPICORE,08:30,0.47,,,,,bls_pkg_2.0.10_revised,needs_dt
2023-02,2023-02-01,FOMC,14:00,25,,,,,hardcoded_record,dt_final
2023-02,,NFP,08:30,,,,,,,needs_dt;needs_actual
2023-03,,CPI,08:30,0.06,,,,,bls_pkg_2.0.10_revised,needs_dt
2023-03,,CPICORE,08:30,0.34,,,,,bls_pkg_2.0.10_revised,needs_dt
2023-03,2023-03-22,FOMC,14:00,25,,,,,hardcoded_record,dt_final
2023-03,,NFP,08:30,,,,,,,needs_dt;needs_actual
2023-04,,CPI,08:30,0.4,,,,,bls_pkg_2.0.10_revised,needs_dt
2023-04,,CPICORE,08:30,0.45,,,,,bls_pkg_2.0.10_revised,needs_dt
2023-04,,NFP,08:30,,,,,,,needs_dt;needs_actual
2023-05,,CPI,08:30,0.15,,,,,bls_pkg_2.0.10_revised,needs_dt
2023-05,,CPICORE,08:30,0.37,,,,,bls_pkg_2.0.10_revised,needs_dt
2023-05,2023-05-03,FOMC,14:00,25,,,,,hardcoded_record,dt_final
2023-05,,NFP,08:30,,,,,,,needs_dt;needs_actual
2023-06,,CPI,08:30,0.26,,,,,bls_pkg_2.0.10_revised,needs_dt
2023-06,,CPICORE,08:30,0.22,,,,,bls_pkg_2.0.10_revised,needs_dt
2023-06,2023-06-14,FOMC,14:00,0,,,,,hardcoded_record,dt_final
2023-06,,NFP,08:30,,,,,,,needs_dt;needs_actual
2023-07,,CPI,08:30,0.17,,,,,bls_pkg_2.0.10_revised,needs_dt
2023-07,,CPICORE,08:30,0.22,,,,,bls_pkg_2.0.10_revised,needs_dt
2023-07,2023-07-26,FOMC,14:00,25,,,,,hardcoded_record,dt_final
2023-07,,NFP,08:30,,,,,,,needs_dt;needs_actual
2023-08,,CPI,08:30,0.5,,,,,bls_pkg_2.0.10_revised,needs_dt
2023-08,,CPICORE,08:30,0.22,,,,,bls_pkg_2.0.10_revised,needs_dt
2023-08,,NFP,08:30,,,,,,,needs_dt;needs_actual
2023-09,,CPI,08:30,0.4,,,,,bls_pkg_2.0.10_revised,needs_dt
2023-09,,CPICORE,08:30,0.31,,,,,bls_pkg_2.0.10_revised,needs_dt
2023-09,2023-09-20,FOMC,14:00,0,,,,,hardcoded_record,dt_final
2023-09,,NFP,08:30,,,,,,,needs_dt;needs_actual
2023-10,,CPI,08:30,0.09,,,,,bls_pkg_2.0.10_revised,needs_dt
2023-10,,CPICORE,08:30,0.26,,,,,bls_pkg_2.0.10_revised,needs_dt
2023-10,,NFP,08:30,,,,,,,needs_dt;needs_actual
2023-11,,CPI,08:30,0.14,,,,,bls_pkg_2.0.10_revised,needs_dt
2023-11,,CPICORE,08:30,0.3,,,,,bls_pkg_2.0.10_revised,needs_dt
2023-11,2023-11-01,FOMC,14:00,0,,,,,hardcoded_record,dt_final
2023-11,,NFP,08:30,,,,,,,needs_dt;needs_actual
2023-12,,CPI,08:30,0.21,,,,,bls_pkg_2.0.10_revised,needs_dt
2023-12,,CPICORE,08:30,0.27,,,,,bls_pkg_2.0.10_revised,needs_dt
2023-12,2023-12-13,FOMC,14:00,0,,,,,hardcoded_record,dt_final
2023-12,,NFP,08:30,,,,,,,needs_dt;needs_actual
2024-01,,CPI,08:30,0.34,,,,,bls_pkg_2.0.10_revised,needs_dt
2024-01,,CPICORE,08:30,0.37,,,,,bls_pkg_2.0.10_revised,needs_dt
2024-01,2024-01-31,FOMC,14:00,0,,,,,hardcoded_record,dt_final
2024-01,,NFP,08:30,,,,,,,needs_dt;needs_actual
2024-02,,CPI,08:30,0.4,,,,,bls_pkg_2.0.10_revised,needs_dt
2024-02,,CPICORE,08:30,0.37,,,,,bls_pkg_2.0.10_revised,needs_dt
2024-02,,NFP,08:30,,,,,,,needs_dt;needs_actual
2024-03,,CPI,08:30,0.35,,,,,bls_pkg_2.0.10_revised,needs_dt
2024-03,,CPICORE,08:30,0.38,,,,,bls_pkg_2.0.10_revised,needs_dt
2024-03,2024-03-20,FOMC,14:00,0,,,,,hardcoded_record,dt_final
2024-03,,NFP,08:30,,,,,,,needs_dt;needs_actual
2024-04,,CPI,08:30,0.29,,,,,bls_pkg_2.0.10_revised,needs_dt
2024-04,,CPICORE,08:30,0.26,,,,,bls_pkg_2.0.10_revised,needs_dt
2024-04,,NFP,08:30,,,,,,,needs_dt;needs_actual
2024-05,,CPI,08:30,0.04,,,,,bls_pkg_2.0.10_revised,needs_dt
2024-05,,CPICORE,08:30,0.14,,,,,bls_pkg_2.0.10_revised,needs_dt
2024-05,2024-05-01,FOMC,14:00,0,,,,,hardcoded_record,dt_final
2024-05,,NFP,08:30,,,,,,,needs_dt;needs_actual
2024-06,,CPI,08:30,-0.0,,,,,bls_pkg_2.0.10_revised,needs_dt
2024-06,,CPICORE,08:30,0.09,,,,,bls_pkg_2.0.10_revised,needs_dt
2024-06,2024-06-12,FOMC,14:00,0,,,,,hardcoded_record,dt_final
2024-06,,NFP,08:30,,,,,,,needs_dt;needs_actual
2024-07,,CPI,08:30,0.14,,,,,bls_pkg_2.0.10_revised,needs_dt
2024-07,,CPICORE,08:30,0.19,,,,,bls_pkg_2.0.10_revised,needs_dt
2024-07,2024-07-31,FOMC,14:00,0,,,,,hardcoded_record,dt_final
2024-07,,NFP,08:30,,,,,,,needs_dt;needs_actual
2024-08,,CPI,08:30,0.18,,,,,bls_pkg_2.0.10_revised,needs_dt
2024-08,,CPICORE,08:30,0.28,,,,,bls_pkg_2.0.10_revised,needs_dt
2024-08,,NFP,08:30,,,,,,,needs_dt;needs_actual
2024-09,,CPI,08:30,0.23,,,,,bls_pkg_2.0.10_revised,needs_dt
2024-09,,CPICORE,08:30,0.31,,,,,bls_pkg_2.0.10_revised,needs_dt
2024-09,2024-09-18,FOMC,14:00,-50,,,,,hardcoded_record,dt_final
2024-09,,NFP,08:30,,,,,,,needs_dt;needs_actual
2024-10,,CPI,08:30,0.23,,,,,bls_pkg_2.0.10_revised,needs_dt
2024-10,,CPICORE,08:30,0.27,,,,,bls_pkg_2.0.10_revised,needs_dt
2024-10,,NFP,08:30,,,,,,,needs_dt;needs_actual
2024-11,,CPI,08:30,0.28,,,,,bls_pkg_2.0.10_revised,needs_dt
2024-11,,CPICORE,08:30,0.29,,,,,bls_pkg_2.0.10_revised,needs_dt
2024-11,2024-11-07,FOMC,14:00,-25,,,,,hardcoded_record,dt_final
2024-11,,NFP,08:30,,,,,,,needs_dt;needs_actual
2024-12,,CPI,08:30,0.36,,,,,bls_pkg_2.0.10_revised,needs_dt
2024-12,,CPICORE,08:30,0.21,,,,,bls_pkg_2.0.10_revised,needs_dt
2024-12,2024-12-18,FOMC,14:00,-25,,,,,hardcoded_record,dt_final
2024-12,,NFP,08:30,,,,,,,needs_dt;needs_actual
2025-01,,CPI,08:30,0.47,,,,,bls_pkg_2.0.10_revised,needs_dt
2025-01,,CPICORE,08:30,0.45,,,,,bls_pkg_2.0.10_revised,needs_dt
2025-01,2025-01-29,FOMC,14:00,0,,,,,hardcoded_record,dt_final
2025-01,,NFP,08:30,,,,,,,needs_dt;needs_actual
2025-02,,CPI,08:30,0.22,,,,,bls_pkg_2.0.10_revised,needs_dt
2025-02,,CPICORE,08:30,0.23,,,,,bls_pkg_2.0.10_revised,needs_dt
2025-02,,NFP,08:30,,,,,,,needs_dt;needs_actual
2025-03,,CPI,08:30,-0.05,,,,,bls_pkg_2.0.10_revised,needs_dt
2025-03,,CPICORE,08:30,0.06,,,,,bls_pkg_2.0.10_revised,needs_dt
2025-03,2025-03-19,FOMC,14:00,0,,,,,hardcoded_record,dt_final
2025-03,,NFP,08:30,,,,,,,needs_dt;needs_actual
2025-04,,CPI,08:30,0.22,,,,,bls_pkg_2.0.10_revised,needs_dt
2025-04,,CPICORE,08:30,0.24,,,,,bls_pkg_2.0.10_revised,needs_dt
2025-04,,NFP,08:30,,,,,,,needs_dt;needs_actual
2025-05,,CPI,08:30,0.08,,,,,bls_pkg_2.0.10_revised,needs_dt
2025-05,,CPICORE,08:30,0.13,,,,,bls_pkg_2.0.10_revised,needs_dt
2025-05,2025-05-07,FOMC,14:00,0,,,,,hardcoded_record,dt_final
2025-05,,NFP,08:30,,,,,,,needs_dt;needs_actual
2025-06,,CPI,08:30,0.29,,,,,bls_pkg_2.0.10_revised,needs_dt
2025-06,,CPICORE,08:30,0.23,,,,,bls_pkg_2.0.10_revised,needs_dt
2025-06,2025-06-18,FOMC,14:00,0,,,,,hardcoded_record,dt_final
2025-06,,NFP,08:30,,,,,,,needs_dt;needs_actual
2025-07,,CPI,08:30,0.2,,,,,bls_pkg_2.0.10_revised,needs_dt
2025-07,,CPICORE,08:30,0.32,,,,,bls_pkg_2.0.10_revised,needs_dt
2025-07,2025-07-30,FOMC,14:00,0,,,,,hardcoded_record,dt_final
2025-07,,NFP,08:30,,,,,,,needs_dt;needs_actual
2025-08,,CPI,08:30,0.38,,,,,bls_pkg_2.0.10_revised,needs_dt
2025-08,,CPICORE,08:30,0.35,,,,,bls_pkg_2.0.10_revised,needs_dt
2025-08,,NFP,08:30,,,,,,,needs_dt;needs_actual
2025-09,,CPI,08:30,0.31,,,,,bls_pkg_2.0.10_revised,needs_dt
2025-09,,CPICORE,08:30,0.23,,,,,bls_pkg_2.0.10_revised,needs_dt
2025-09,2025-09-17,FOMC,14:00,-25,,,,,hardcoded_record,dt_final
2025-09,,NFP,08:30,,,,,,,needs_dt;needs_actual
2025-10,,CPI,08:30,,,,,,,shutdown_anomaly;needs_review
2025-10,,CPICORE,08:30,,,,,,,shutdown_anomaly;needs_review
2025-10,2025-10-29,FOMC,14:00,-25,,,,,hardcoded_record,dt_final
2025-10,,NFP,08:30,,,,,,,shutdown_anomaly;needs_review
2025-11,,CPI,08:30,,,,,,,shutdown_anomaly;needs_review
2025-11,,CPICORE,08:30,,,,,,,shutdown_anomaly;needs_review
2025-11,,NFP,08:30,,,,,,,shutdown_anomaly;needs_review
2025-12,,CPI,08:30,0.31,,,,,bls_pkg_2.0.10_revised,needs_dt
2025-12,,CPICORE,08:30,0.24,,,,,bls_pkg_2.0.10_revised,needs_dt
2025-12,2025-12-10,FOMC,14:00,-25,,,,,hardcoded_record,dt_final
2025-12,,NFP,08:30,,,,,,,needs_dt;needs_actual
2026-01,2026-02-13,CPI,08:30,0.2,,,,,websearch_snippet_UNVERIFIED,dt_final;verify_actual
2026-01,2026-02-13,CPICORE,08:30,,,,,,,dt_final;verify_actual
2026-01,2026-01-28,FOMC,14:00,,,,,,,dt_final;needs_actual
2026-01,,NFP,08:30,,,,,,,needs_dt;needs_actual
2026-02,,CPI,08:30,,,,,,,needs_dt;needs_actual
2026-02,,CPICORE,08:30,,,,,,,needs_dt;needs_actual
2026-02,,NFP,08:30,,,,,,,needs_dt;needs_actual
2026-03,,CPI,08:30,,,,,,,needs_dt;needs_actual
2026-03,,CPICORE,08:30,,,,,,,needs_dt;needs_actual
2026-03,2026-03-18,FOMC,14:00,,,,,,,dt_final;needs_actual
2026-03,,NFP,08:30,,,,,,,needs_dt;needs_actual
2026-04,2026-05-12,CPI,08:30,0.6,,,,,websearch_snippet_UNVERIFIED,dt_final;verify_actual
2026-04,2026-05-12,CPICORE,08:30,,,,,,,dt_final;verify_actual
2026-04,2026-04-29,FOMC,14:00,,,,,,,dt_final;needs_actual
2026-04,,NFP,08:30,,,,,,,needs_dt;needs_actual
2026-05,2026-06-10,CPI,08:30,0.5,,,,,websearch_snippet_UNVERIFIED,dt_final;verify_actual
2026-05,2026-06-10,CPICORE,08:30,,,,,,,dt_final;verify_actual
2026-05,,NFP,08:30,,,,,,,needs_dt;needs_actual
2026-06,2026-07-14,CPI,08:30,-0.4,,,,,websearch_snippet_UNVERIFIED,dt_final;verify_actual
2026-06,2026-07-14,CPICORE,08:30,0.0,,,,,websearch_snippet_UNVERIFIED,dt_final;verify_actual
2026-06,2026-06-17,FOMC,14:00,,,,,,,dt_final;needs_actual
2026-06,,NFP,08:30,,,,,,,needs_dt;needs_actual
2026-07,,CPI,08:30,,,,,,,needs_dt;needs_actual
2026-07,,CPICORE,08:30,,,,,,,needs_dt;needs_actual
2026-07,2026-07-29,FOMC,14:00,,,,,,,dt_final;needs_actual
2026-07,,NFP,08:30,,,,,,,needs_dt;needs_actual
2026-09,2026-09-16,FOMC,14:00,,,,,,,dt_final;needs_actual
2026-10,2026-10-28,FOMC,14:00,,,,,,,dt_final;needs_actual
2026-12,2026-12-09,FOMC,14:00,,,,,,,dt_final;needs_actual
